,session_file_name
0,session_245part1
1,session_230
2,session_220
3,session_241
4,session_233
5,session_248
6,session_254
7,session_216
8,session_244
9,session_221
10,session_217
11,session_218
12,session_225Part1
13,session_227
14,session_250
15,session_222
16,session_234
17,session_223
18,session_228Part1
19,session_238
20,session_247
21,session_239
22,session_242part1
23,session_246
24,session_231
25,session_232
26,session_252
27,session_237
28,session_236
29,session_235
30,session_219Part2
31,session_243
32,session_226
33,session_249
34,session_251
35,session_219Part1
36,session_224
37,session_229
38,session_214Part1
39,session_225Part2
40,session_215
41,session_253
42,session_214Part2
43,session_242part2
44,session_240
45,session_228Part2
46,session_255
47,session_245part2
48,session_230part2
